keyword,url,title
AI in marketing,https://www.quora.com/Can-AI-marketing-tools-benefit-me-even-with-limited-resources-as-a-small-business-owner,"Can AI marketing tools benefit me, even with limited ..."
AI in marketing,https://www.quora.com/How-can-AI-prompts-improve-marketing-strategies,How can AI prompts improve marketing strategies?
AI in marketing,https://www.quora.com/What-are-emerging-career-roles-in-AI-driven-digital-marketing,What are emerging career roles in AI-driven digital ...
AI in marketing,https://www.quora.com/What-are-the-latest-trends-in-performance-marketing-for-2025,What are the latest trends in performance marketing for ...
AI in marketing,https://www.quora.com/How-can-businesses-stay-ahead-in-digital-marketing-trends,How can businesses stay ahead in digital marketing trends?
AI in marketing,https://www.quora.com/What-is-the-best-niche-in-digital-marketing,What is the best niche in digital marketing?
AI in marketing,https://www.quora.com/What-are-some-good-resources-for-a-product-manager-to-learn-about-AI,What are some good resources for a product manager to ...
AI in marketing,https://www.quora.com/Which-institutes-provide-courses-on-Digital-marketing-analytics-in-Bangalore-Any-reviews#!n=18,Which institutes provide courses on Digital marketing ...
AI in marketing,https://www.quora.com/Who-is-a-digital-marketing-expert,Who is a digital marketing expert?
AI in marketing,https://www.quora.com/What-are-the-qualifications-to-do-digital-marketing-course?top_ans=147009462,What are the qualifications to do digital marketing course?
AI in marketing,https://www.quora.com/What-are-the-benefits-of-doing-an-MBA-after-a-BBA-in-marketing,What are the benefits of doing an MBA after a BBA ...
AI in marketing,https://www.quora.com/How-good-is-the-marketing-launchpad-program-by-Kraftshala,How good is the marketing launchpad program by ...
AI in marketing,https://www.quora.com/How-can-I-achieve-earnings-from-digital-marketing-in-a-short-time,How to achieve earnings from digital marketing in a short ...
AI in marketing,https://www.quora.com/How-can-the-rise-in-the-voice-activated-search-be-used-by-emerging-businesses-to-disrupt-those-with-solid-organic-exposure-or-larger-marketing-budgets,How can the rise in the voice-activated search be used by ...
Grow blog traffic,https://www.quora.com/How-does-one-generate-traffic-for-his-her-blog-Whats-the-best-way-to-bring-in-readership-and-grow-viewership-of-your-blog-posts,How does one generate traffic for his/her blog? What's ...
Grow blog traffic,https://www.quora.com/How-do-I-increase-website-traffic-on-SEMrush?top_ans=50419599,How to increase website traffic on SEMrush
Grow blog traffic,https://www.quora.com/How-can-I-rank-blog-traffic,How to rank blog traffic
Grow blog traffic,https://www.quora.com/How-do-I-generate-massive-traffic-easily-and-quickly-with-zero-investment,How to generate massive traffic easily and quickly with ...
Grow blog traffic,https://www.quora.com/Why-should-we-hire-you-for-running-Facebook-ads,Why should we hire you for running Facebook ads?
How to grow LinkedIn audience,https://graphicdesigncontentspace.quora.com/Hi-Im-collins-a-passionate-and-results-driven-freelancer-and-digital-marketer-with-expertise-in-graphic-design-brandi,"Hi, I'm collins a passionate and results-driven freelancer and digital ..."
Marketing strategies for startups,https://www.quora.com/What-is-the-best-strategy-for-building-an-online-presence-for-startups,What is the best strategy for building an online presence ...
Marketing strategies for startups,https://www.quora.com/What-are-the-most-effective-digital-marketing-strategies-for-small-businesses-with-limited-budgets-in-2023,What are the most effective digital marketing strategies for ...
Marketing strategies for startups,https://www.quora.com/Education-Startups-What-are-some-marketing-strategies-that-work-well-to-promote-a-product-to-teachers-and-professors,Education Startups: What are some marketing strategies ...
Marketing strategies for startups,https://www.quora.com/What-strategies-are-you-using-in-2021-to-promote-a-new-business?top_ans=70914682,What strategies are you using in 2021 to promote a new ...
Marketing strategies for startups,https://www.quora.com/What-are-the-best-online-marketing-tactics-to-grow-the-daily-active-users-of-an-app,What are the best online marketing tactics to grow the daily ...
Marketing strategies for startups,https://www.quora.com/What-are-the-most-effective-digital-marketing-strategies-for-healthcare-providers,What are the most effective digital marketing strategies for ...
Marketing strategies for startups,https://www.quora.com/What-are-best-content-marketing-strategies-ideas-of-2019,What are best content marketing strategies & ideas of 2019?
Marketing strategies for startups,https://www.quora.com/How-can-a-small-business-in-Chennai-use-digital-marketing-to-grow-and-attract-more-customers-What-are-some-recommended-starting-points-for-implementing-digital-marketing-strategies,How can a small business in Chennai use digital marketing ...
Marketing strategies for startups,https://www.quora.com/How-can-one-get-a-list-of-email-ids-of-people-living-in-New-Delhi-for-a-marketing-campaign-of-my-new-startup,How can one get a list of email-ids of people living in New ...
Marketing strategies for startups,https://www.quora.com/Should-I-learn-the-course-of-digital-marketing-or-photography,Should I learn the course of digital marketing or ...
Marketing strategies for startups,https://www.quora.com/Which-is-the-best-Google-AdWords-marketer-in-India?top_ans=48718675,Which is the best Google AdWords company in India?
Marketing strategies for startups,https://www.quora.com/Can-I-know-which-is-the-best-digital-marketing-institute-in-Pune-for-3-4-months-short-term-course-with-fees-around-30k,Can I know which is the best digital marketing institute in ...
